{
    "MODULES": [3],
    "ELEM1": "Cu",
    "ELEM2": "Al",
    "NUMELEM1": 8,
    "NUMELEM2": 6,

    "MOD0": {
        "COMMENTS": "",
        "KMEANS": [200,300,10],
        "RUN_KMEANS": 10,
        "MAXSAMPLES": 1,
        "INPUT_FOLDER": "./Mod03",
        "OUTPUT_FOLDER": "./selected_kmeans"
        },

    "MOD1": {
        "COMMENTS": "",
        "RUN_MOD_ZERO": false,
        "INTEGRITY": 1.5,
        "NUMGEN": 120,
        "KMEANS": [3, 9, 1],
        "RUN_KMEANS": 10,
        "MAXSAMPLES": 1,
        "RADIUS_FACTOR": 0.5,
        "GAMMA": 0.2,
        "INPUT_FOLDER": "",
        "TMP_FOLDER": "./varmod1",
        "OUTPUT_FOLDER": "./Mod01"
    },

    "MOD2": {
        "COMMENTS": "",
        "MAX_GEN_PER_FRAME": 1000000,
        "PRE_SELECTION": false,
        "RUN_MOD_ZERO": true,
        "INTEGRITY": 1.5,
        "KMEANS": [200, 300, 10],
        "RUN_KMEANS": 10,
        "MAXSAMPLES": 1,
        "INPUT_FOLDER": "./Mod01",
        "TMP_FOLDER": "./varmod2",
        "OUTPUT_FOLDER": "./Mod02"
    },

    "MOD3": {
        "COMMENTS": "Ligands orientation: [-1] for random, [0 or 1] for diatomic molecules, [1,2,3] for selecting the atoms 1, 2 and 3 for orienting the ligant",
        "RUN_MOD_ZERO": true,
        "DEFORMATION": true,
        "INTEGRITY": 1.25,
        "KMEANS": [300],
        "RUN_KMEANS": 1,
        "MAXSAMPLES": 1,
        "LIGANDS_DISTRIBUTION": [6],
        "LIGANDS_ORIENTATION": [[0,1,2]],
        "N_SAMPLES": 10250,
        "N_CORES": 197,
        "LIGANDS_DISTANCE": 2.5,
        "CORES_FOLDER": "./Cu8Al6_structures",
        "LIGANDS_FOLDER": "./ligands",
        "TMP_FOLDER": "./varmod3",
        "OUTPUT_FOLDER": "./Mod03"
    }
}
